Workbook

Sheet ダッシュボード
A1: IETF RFC ネットワーク技術分析カタログ
B4: 本ドキュメントは、ワークスペースに収集された主要なRFC（IETF標準仕様）を読み込み、ネットワーク構築の実務観点から難易度・レイヤ・技術カテゴリごとに整理した分析用カタログです。
B6: 収録技術数 43 件 | C6: 分類カテゴリ 6 つ | D6: 難易度レベル 3 段階 | H6: 📚 クイック利用ガイド
H8: 1. 「技術カタログ」タブに全43件の詳細データがあります。
B9: 📊 カテゴリ×難易度別集計（カタログ連動） | H9: 2. オートフィルターを使って、目的のレイヤや難易度を抽出できます。
B10: 技術カテゴリ | C10: 初級 | D10: 中級 | E10: 上級 | F10: 小計 | H10: 3. 難易度レベルは実務における複雑さ・設計難度に基づきます：
B11: TCP/IP基礎 | C11: =COUNTIFS('技術カタログ'!D:D, "TCP/IP基礎", '技術カタログ'!E:E, "初級") | D11: =COUNTIFS('技術カタログ'!D:D, "TCP/IP基礎", '技術カタログ'!E:E, "中級") | E11: =COUNTIFS('技術カタログ'!D:D, "TCP/IP基礎", '技術カタログ'!E:E, "上級") | F11: =SUM(C11:E11) | H11: - 初級：一般常識・基礎的なサービス (TCP, IPv4, DHCPなど)
B12: ルーティング | C12: =COUNTIFS('技術カタログ'!D:D, "ルーティング", '技術カタログ'!E:E, "初級") | D12: =COUNTIFS('技術カタログ'!D:D, "ルーティング", '技術カタログ'!E:E, "中級") | E12: =COUNTIFS('技術カタログ'!D:D, "ルーティング", '技術カタログ'!E:E, "上級") | F12: =SUM(C12:E12) | H12: - 中級：エンタープライズ構築必須 (OSPF, IPv6, IPsecなど)
B13: データプレーン・仮想化 | C13: =COUNTIFS('技術カタログ'!D:D, "データプレーン・仮想化", '技術カタログ'!E:E, "初級") | D13: =COUNTIFS('技術カタログ'!D:D, "データプレーン・仮想化", '技術カタログ'!E:E, "中級") | E13: =COUNTIFS('技術カタログ'!D:D, "データプレーン・仮想化", '技術カタログ'!E:E, "上級") | F13: =SUM(C13:E13) | H13: - 上級：キャリア・DC・自動化向け (BGP, MPLS, EVPN, YANGなど)
B14: 管理・自動化 | C14: =COUNTIFS('技術カタログ'!D:D, "管理・自動化", '技術カタログ'!E:E, "初級") | D14: =COUNTIFS('技術カタログ'!D:D, "管理・自動化", '技術カタログ'!E:E, "中級") | E14: =COUNTIFS('技術カタログ'!D:D, "管理・自動化", '技術カタログ'!E:E, "上級") | F14: =SUM(C14:E14) | H14: 4. 本シート左側の「集計表」は右側のカタログと自動連動しています。
B15: セキュリティ | C15: =COUNTIFS('技術カタログ'!D:D, "セキュリティ", '技術カタログ'!E:E, "初級") | D15: =COUNTIFS('技術カタログ'!D:D, "セキュリティ", '技術カタログ'!E:E, "中級") | E15: =COUNTIFS('技術カタログ'!D:D, "セキュリティ", '技術カタログ'!E:E, "上級") | F15: =SUM(C15:E15)
B16: サービス・制御 | C16: =COUNTIFS('技術カタログ'!D:D, "サービス・制御", '技術カタログ'!E:E, "初級") | D16: =COUNTIFS('技術カタログ'!D:D, "サービス・制御", '技術カタログ'!E:E, "中級") | E16: =COUNTIFS('技術カタログ'!D:D, "サービス・制御", '技術カタログ'!E:E, "上級") | F16: =SUM(C16:E16)
B17: 合計 | C17: =SUM(C11:C16) | D17: =SUM(D11:D16) | E17: =SUM(E11:E16) | F17: =SUM(F11:F16)

Sheet 技術カタログ
A1: No. | B1: RFC番号 | C1: 技術名/プロトコル名 | D1: カテゴリ | E1: 難易度レベル | F1: OSI参照モデル階層 | G1: 概要・目的 | H1: 主要機能・特徴 | I1: 関連RFC | J1: 関連ベンダー設定 (参考)
A2: 1 | B2: RFC 791 | C2: IPv4 (Internet Protocol Version 4) | D2: TCP/IP基礎 | E2: 初級 | F2: ネットワーク層 (L3) | G2: インターネット上でデータをパケット単位で配送するための基本プロトコル。IPアドレス定義やフラグメンテーション（断片化）機能を提供。 | H2: ・32ビットIPアドレス体系 ・ベストエフォート型の非コネクション型配送サービス ・パケット分割（フラグメンテーション）と再組み立て ・ヘッダーチェックサムとTTLによるループ防止 | I2: RFC 793, RFC 8200 | J2: Cisco: `interface` / `ip address` Yamaha: `ip lan1 address` Fortinet: `config system interface`
A3: 2 | B3: RFC 793 | C3: TCP (Transmission Control Protocol - Original) | D3: TCP/IP基礎 | E3: 初級 | F3: トランスポート層 (L4) | G3: 信頼性の高い接続型（コネクション型）のデータ転送を提供する、TCP/IPの中核をなすプロトコル。データの順序制御や再送制御を行う。 | H3: ・3ウェイ・ハンドシェイクによる確実なコネクション確立 ・シーケンス番号を用いたパケットの順序保証と再送制御 ・スライディングウィンドウによる受信バッファのフロー制御 ・全二重通信およびバッファリング転送 | I3: RFC 9293 (改訂版), RFC 791 | J3: Cisco/Yamaha: TCPポート通信の許可（ACL設定・ポート番号23, 80等）
A4: 3 | B4: RFC 9293 | C4: TCP (Transmission Control Protocol - Specification) | D4: TCP/IP基礎 | E4: 初級 | F4: トランスポート層 (L4) | G4: 2022年に発行された、RFC 793等の多数の拡張・修正仕様を一本化した最新のTCP標準仕様書。 | H4: ・脆弱性およびセキュリティ問題（SYNフラッド等）への対応統合 ・接続管理ルールおよびタイマー動作の明確化 ・現代のTCP輻輳制御との親和性の整理 ・複数のRFC（RFC 793, 1122等）の廃止・統合による一貫性向上 | I4: RFC 793 (廃止), RFC 791 | J4: OSおよび各社ネットワーク機器の最新ファームウェアにおけるTCPスタック全体
A5: 4 | B5: RFC 2460 | C5: IPv6 (Internet Protocol Version 6 - Original) | D5: TCP/IP基礎 | E5: 中級 | F5: ネットワーク層 (L3) | G5: IPv4のアドレス枯渇問題に対応するために開発された、次世代IPプロトコルの初期の標準仕様書（RFC 8200により置き換え）。 | H5: ・128ビットアドレスへの拡張（事実上無限のアドレス空間） ・シンプルなヘッダー構造への改良によるルーター処理の高速化 ・拡張ヘッダーの導入による柔軟な機能追加 ・IPsecのビルトインサポート（必須化提案） | I5: RFC 8200 (改訂版), RFC 4291 | J5: Cisco: `ipv6 unicast-routing` Yamaha: `ipv6 route`
A6: 5 | B6: RFC 8200 | C6: IPv6 (Internet Protocol Version 6 - Specification) | D6: TCP/IP基礎 | E6: 中級 | F6: ネットワーク層 (L3) | G6: 2017年に策定された、現代のIPv6の正式な最新標準仕様。RFC 2460を置き換え、実務運用での調整結果を反映。 | H6: ・フラグメンテーションの送信元限定処理（ルーターでの分割処理の廃止） ·拡張ヘッダー処理ルールの厳格化によるセキュリティ向上 ・フローラベルフィールドの役割の再定義（ロードバランシングへの活用） ・IPsecサポートの再定義（オプション化への調整） | I6: RFC 2460 (廃止), RFC 4291 | J6: Cisco: `ipv6 address <addr>`, `ipv6 enable` Yamaha: `ipv6 lan1 address <addr>` Fortinet: インターフェースでの `IPv6` 有効化設定
A7: 6 | B7: RFC 4291 | C7: IPv6 Addressing Architecture | D7: TCP/IP基礎 | E7: 中級 | F7: ネットワーク層 (L3) | G7: IPv6におけるアドレス体系と表記方法を定義したアーキテクチャ仕様書。ユニキャスト、マルチキャスト、エニーキャストの定義を含む。 | H7: ・アドレスの表記ルール（`::`によるゼロ圧縮など）の規定 ・プレフィックス定義（リンクローカル：`fe80::/10`、マルチキャスト：`ff00::/8`、ループバック：`::1/128`） ・インターフェース識別子（EUI-64）の生成方法の定義 ・ブロードキャストの廃止とマルチキャストへの統合 | I7: RFC 8200, RFC 2460 | J7: ネットワークアドレス設計（IPv6アドレス計画、サブネットマスク設計）
A8: 7 | B8: RFC 1058 | C8: RIP (Routing Information Protocol) | D8: ルーティング | E8: 初級 | F8: ネットワーク層 (L3) | G8: ディスタンスベクター型（距離ベクトル型）を採用した、歴史的な最初期のIGPルーティングプロトコル。 | H8: ・ホップ数（最大15、16は到達不能）をメトリックに使用 ・30秒ごとのブロードキャストによるルーティングテーブル全体の転送 ・スプリットホライズン、ポイズンリバースによるルーティングループ防止 ・クラスフルルーティング限定（サブネットマスク情報を送信しない） | I8: RFC 2453 | J8: Cisco: `router rip` Yamaha: `rip use on`
A9: 8 | B9: RFC 2453 | C9: RIPv2 (Routing Information Protocol Version 2) | D9: ルーティング | E9: 中級 | F9: ネットワーク層 (L3) | G9: RIPv1（RFC 1058）の制限を解消し、クラスレスルーティングやマルチキャスト配信などを追加した改良版。 | H9: ・サブネットマスク情報の送信サポート（CIDRおよびVLSMに対応） ・マルチキャスト（`224.0.0.9`）によるルーティングアップデート（不要な端末負荷軽減） ・ネイバー間での平文およびMD5認証のサポート ・次ホップ（Next Hop）アドレスの明示機能の追加 | I9: RFC 1058 | J9: Cisco: `router rip` -> `version 2` Yamaha: `rip use on` -> `rip classless on`
A10: 9 | B10: RFC 2328 | C10: OSPFv2 (Open Shortest Path First Version 2) | D10: ルーティング | E10: 中級 | F10: ネットワーク層 (L3) | G10: IPv4ネットワークで最も広く使用されている、リンクステート型のオープンなIGPプロトコル。 | H10: ・ダイクストラアルゴリズム（SPF）による最短経路木（SPT）の動的計算 ・エリア概念による大規模ネットワークの階層化とLSA伝播抑制 ・LSA（Link State Advertisement）の差分および定期同期（30分） ・DR（Designated Router）/ BDR選定によるマルチアクセス網でのネイバー数削減 | I10: RFC 5340, RFC 5880 | J10: Cisco: `router ospf <id>` -> `network <ip> <wildcard> area <area>` Yamaha: `ospf use on` Fortinet: `config router ospf`
A11: 10 | B11: RFC 5340 | C11: OSPFv3 (OSPF for IPv6) | D11: ルーティング | E11: 上級 | F11: ネットワーク層 (L3) | G11: OSPFv2をIPv6に対応させるために拡張されたルーティングプロトコルの仕様書。 | H11: ・プロトコル処理とIPアドレスの分離（IPアドレスではなくリンク上で動作） ・新しいLSAタイプ（Link-LSA, Intra-Area-Prefix-LSA）の導入による役割分担 ・IPsecによるネイバー認証および暗号化の共通利用（OSPFv3独自の認証を廃止） ・1つのリンク上で複数のOSPFプロセスを起動可能なインスタンスIDの導入 | I11: RFC 2328, RFC 8200 | J11: Cisco: `ipv6 router ospf <id>` -> インターフェースで `ipv6 ospf <id> area <area>` Fortinet: `config router ospf6`
A12: 11 | B12: RFC 1195 | C12: Integrated IS-IS (Intermediate System to Intermediate System) | D12: ルーティング | E12: 上級 | F12: ネットワーク層 (L3) | G12: 本来OSIプロトコル用に開発されたIS-ISルーティングプロトコルを、IP（IPv4）のルーティングも同時に行えるように拡張した仕様書。 | H12: ・リンクステート型アルゴリズム、IPとCLNPの統合ルーティング ・ネットワーク層上で直接動作するため、IPヘッダー不要（IPパケットの攻撃から強固） ・柔軟なTLV（Type-Length-Value）構造による高度な機能拡張性 ・レベル1（エリア内）とレベル2（エリア間）による柔軟な階層設計 | I12: RFC 5308 | J12: Cisco: `router isis` -> `net <net-title>` Juniper: `set protocols isis interface <name>`
A13: 12 | B13: RFC 5308 | C13: Routing IPv6 with IS-IS | D13: ルーティング | E13: 上級 | F13: ネットワーク層 (L3) | G13: Integrated IS-ISを拡張し、IPv6プレフィックスのルーティングをサポートするための仕様を定義。 | H13: ・新しいTLV（IPv6 Reachability TLV, IPv6 Interface Address TLV）の定義 ・マルチトポロジー技術により、IPv4とIPv6で別々のネットワークトポロジーを構築可能 ・IS-ISの持つTLV構造の優位性を活かしたシームレスなIPv6導入の実現 | I13: RFC 1195, RFC 8200 | J13: Cisco: `router isis` -> `address-family ipv6` Juniper: `set protocols isis interface <name> family inet6`
... A44: 43 | B44: RFC 2131 | C44: Dynamic Host Configuration Protocol (DHCP) | D44: サービス・制御 | E44: 初級 | F44: アプリケーション層 (L7) | G44: ネットワーク内のクライアント端末に対して、IPアドレス、サブネットマスク、デフォルトゲートウェイ、DNSサーバーなどのネットワーク設定情報を自動的に割り当てるプロトコル。 | H44: ・IPアドレスのリース（貸出）期間の定義と、自動延長（更新）シーケンスの規定 ・DHCP通信シーケンス（DISCOVER -> OFFER -> REQUEST -> ACK）による非接続端末へのアドレス配布 ・DHCPリレーエージェント機能による、ルーターを越えた別サブネット上のDHCPサーバーとの中継通信サポート ・重複アドレスの割り当てを防ぐARP確認およびリースデータベースによる整合性維持 | I44: RFC 791 | J44: Cisco: `ip dhcp pool <pool-name>` -> `network <net>` -> `default-router <gw>` / `ip helper-address <ip>` (リレー) Yamaha: `dhcp scope 1 <ip>-<ip>/<bit>` / `dhcp service server`
